{
  "train": {
    "accuracy": 0.9040370615486433,
    "precision": 0.9043156180157604,
    "recall": 0.9040370615486433,
    "f1": 0.9032036544740366
  },
  "validation": {
    "accuracy": 0.8569767441860465,
    "precision": 0.8604629988830228,
    "recall": 0.8569767441860465,
    "f1": 0.8549579209541074
  },
  "test": {
    "accuracy": 0.8660508083140878,
    "precision": 0.8659398974831579,
    "recall": 0.8660508083140878,
    "f1": 0.8624971813184971
  }
}