{
  "train": {
    "accuracy": 0.9937127729980145,
    "precision": 0.99372116752351,
    "recall": 0.9937127729980145,
    "f1": 0.9937097726419093
  },
  "validation": {
    "accuracy": 0.9720930232558139,
    "precision": 0.9719765002749543,
    "recall": 0.9720930232558139,
    "f1": 0.9718662659845151
  },
  "test": {
    "accuracy": 0.9653579676674365,
    "precision": 0.9651144458854851,
    "recall": 0.9653579676674365,
    "f1": 0.9651404650540478
  }
}