{
  "train_loss": [
    1.099060534803491,
    0.885844844265988,
    0.8018220895215085,
    0.7351704073579688,
    0.6497362372122313,
    0.6249528019051803,
    0.5760567313746402,
    0.5277003565901204,
    0.49852496840451893,
    0.48208863248950556,
    0.4681438982486725,
    0.4182987324501339,
    0.41558937344111896,
    0.4129167487746791,
    0.38042861568300346,
    0.3435103683095229,
    0.33019366632950936,
    0.34210503418978894,
    0.305894830509236,
    0.32296990352241617,
    0.29614272768560207,
    0.27984643119730446,
    0.27004134345211483,
    0.2525725528009628,
    0.2600563735554093,
    0.2418728821371731,
    0.22540680797476517,
    0.24213944788237934,
    0.22076457203610947,
    0.2042029040816583,
    0.20975600347707146,
    0.19861571475079184,
    0.19191705288463518,
    0.19556051041734845,
    0.16924006374258743,
    0.16094978815434793,
    0.1967366651484841,
    0.19046901454658885,
    0.15957277632857625,
    0.15238654854658404,
    0.16356564754326092,
    0.1454709293810945,
    0.16915404064286696,
    0.14362908463532986,
    0.14904313598220287,
    0.15431925187769688,
    0.1415442757259466,
    0.12901105917990208,
    0.1578460347446564,
    0.13047245797260026,
    0.14339400862196558,
    0.12353079247435457,
    0.12267556994369155,
    0.12285168917702609,
    0.06730071745910927,
    0.060617081355303526,
    0.06512414217975579,
    0.0510985920989984,
    0.04733617533071849,
    0.050244337274987054,
    0.0477476966138439,
    0.04491171149880086,
    0.05558443363069704,
    0.04730930944451278,
    0.04660323694666946,
    0.04527147281363508,
    0.034618530820712055,
    0.043244355223386696,
    0.028775607755616012,
    0.05000225143311055,
    0.02865851681011631,
    0.019046170969407906,
    0.020785624061796914,
    0.025516146778031008,
    0.011857477633441848,
    0.015108303905244133
  ],
  "train_acc": [
    0.6062210456651225,
    0.685307743216413,
    0.7104566512243548,
    0.7329583057577763,
    0.771674387822634,
    0.7829252150893448,
    0.7978160158835208,
    0.8117140966247518,
    0.8209794837855725,
    0.828921244209133,
    0.8421575115817339,
    0.8563864990072799,
    0.8537392455327598,
    0.8577101257445401,
    0.8673064195896757,
    0.8871608206485772,
    0.8927862342819325,
    0.8818663136995367,
    0.8944407677035076,
    0.8881535407015222,
    0.9046988749172733,
    0.9033752481800132,
    0.9093315684976837,
    0.9109861019192588,
    0.914295168762409,
    0.9086697551290536,
    0.9235605559232296,
    0.9176042356055593,
    0.9238914626075446,
    0.927862342819325,
    0.9301786896095301,
    0.9371277299801456,
    0.9311714096624751,
    0.9344804765056254,
    0.9414295168762409,
    0.9457313037723362,
    0.9328259430840503,
    0.9367968232958306,
    0.9460622104566512,
    0.9463931171409663,
    0.9430840502978161,
    0.9503639973527466,
    0.9463931171409663,
    0.9506949040370616,
    0.9510258107213766,
    0.9477167438782264,
    0.9503639973527466,
    0.9556585043017869,
    0.9530112508272667,
    0.9536730641958967,
    0.9549966909331569,
    0.9583057577763071,
    0.957313037723362,
    0.9596293845135672,
    0.9771674387822634,
    0.9811383189940437,
    0.9761747187293184,
    0.9834546657842489,
    0.9831237590999338,
    0.9821310390469887,
    0.9824619457313037,
    0.9831237590999338,
    0.9837855724685639,
    0.984778292521509,
    0.985771012574454,
    0.9870946393117142,
    0.9884182660489742,
    0.9874255459960292,
    0.9923891462607545,
    0.9897418927862343,
    0.9913964262078094,
    0.9927200529450695,
    0.9927200529450695,
    0.9913964262078094,
    0.9956982131039047,
    0.9956982131039047
  ],
  "valid_loss": [
    1.0181922150982752,
    0.745229620900419,
    0.8781441210044755,
    0.767450670056321,
    0.6704540271311998,
    0.740246173132349,
    0.697085967356408,
    0.579661075439718,
    0.4675510063491486,
    0.4647205327120092,
    0.47422309940749846,
    0.47914216236245855,
    0.43227745965123177,
    0.34821820964484856,
    0.37695354842839557,
    0.3762461133473725,
    0.4154703526550697,
    0.3155841884220502,
    0.381540409375534,
    0.3134268569281428,
    0.32539100143023664,
    0.34090040353152695,
    0.3114992292183969,
    0.28600323409342243,
    0.31393399916554765,
    0.34733187527551007,
    0.33635603415206317,
    0.3735449143719894,
    0.2757241181572209,
    0.24151182577608982,
    0.30417251218844926,
    0.27264576949205044,
    0.28942478757299894,
    0.222090651589463,
    0.26044754450817387,
    0.21878795276602936,
    0.30766827397746965,
    0.24950221927914149,
    0.24814511104422207,
    0.27003349730296544,
    0.2604630078270997,
    0.24580183903486208,
    0.21810605162237254,
    0.24719152130651142,
    0.33132979602669366,
    0.24156336601676973,
    0.2976976585427851,
    0.21242184139339737,
    0.24159204822272942,
    0.21081597796539966,
    0.24707017436675313,
    0.2722583009281489,
    0.23900026451641074,
    0.25157905112316964,
    0.2061998695504304,
    0.21319926199309217,
    0.1808422330030697,
    0.20328742808541628,
    0.2029487124643681,
    0.19955061174372263,
    0.20052784466585122,
    0.19721476704203436,
    0.21611836317579555,
    0.1852256042469957,
    0.17460478569652574,
    0.18266038209064087,
    0.18486589695358244,
    0.17814330621978217,
    0.16876801281600987,
    0.18370376335608146,
    0.18862547975085261,
    0.18970543002015566,
    0.17026124077272942,
    0.18973795382151837,
    0.18451821043749483,
    0.1907194158927639
  ],
  "valid_acc": [
    0.6988372093023256,
    0.7267441860465116,
    0.6872093023255814,
    0.7255813953488373,
    0.7662790697674419,
    0.7523255813953489,
    0.7465116279069768,
    0.7883720930232558,
    0.836046511627907,
    0.8406976744186047,
    0.8232558139534883,
    0.8337209302325581,
    0.8476744186046512,
    0.8813953488372093,
    0.8732558139534884,
    0.8825581395348837,
    0.877906976744186,
    0.8895348837209303,
    0.8732558139534884,
    0.9069767441860465,
    0.8883720930232558,
    0.8872093023255814,
    0.8965116279069767,
    0.9081395348837209,
    0.913953488372093,
    0.8930232558139535,
    0.9034883720930232,
    0.8895348837209303,
    0.9186046511627907,
    0.9244186046511628,
    0.9162790697674419,
    0.9244186046511628,
    0.9197674418604651,
    0.936046511627907,
    0.9325581395348838,
    0.9395348837209302,
    0.913953488372093,
    0.9267441860465117,
    0.9372093023255814,
    0.9313953488372093,
    0.9209302325581395,
    0.9430232558139535,
    0.936046511627907,
    0.9267441860465117,
    0.9244186046511628,
    0.9418604651162791,
    0.9255813953488372,
    0.9465116279069767,
    0.9441860465116279,
    0.9372093023255814,
    0.9313953488372093,
    0.9325581395348838,
    0.9418604651162791,
    0.9418604651162791,
    0.9546511627906977,
    0.9593023255813954,
    0.9627906976744186,
    0.9651162790697675,
    0.9604651162790697,
    0.9558139534883721,
    0.9720930232558139,
    0.963953488372093,
    0.9569767441860465,
    0.9627906976744186,
    0.963953488372093,
    0.958139534883721,
    0.9593023255813954,
    0.9697674418604652,
    0.9674418604651163,
    0.9627906976744186,
    0.9593023255813954,
    0.963953488372093,
    0.9662790697674418,
    0.9662790697674418,
    0.963953488372093,
    0.9651162790697675
  ],